{"main":"american2-flights-api.raml","name":"American2 Flights API","classifier":"raml","tags":[],"dependencies":[{"groupId":"68ef9520-24e9-4cf2-b2f5-620025690913","assetId":"training-american-flight-data-type","version":"1.0.1"},{"groupId":"68ef9520-24e9-4cf2-b2f5-620025690913","assetId":"training-american-flights-example","version":"1.0.1"}],"groupId":"33aea66e-69e2-4b0d-a54a-2c6e08e7892a","assetId":"american2-flights-api","version":"1.0.1","apiVersion":"v1","originalFormatVersion":"1.0","metadata":{"projectId":"8fc9d9ff-e4e7-47e5-a343-53b851179ad0","branchId":"master","commitId":"31eb1efcc9762f5e6d359c118c532f55a6b232c0"}}